id,title,tagline,director,casting,release_date,duration,budget,revenue,genres,synopsis,vote_average_tmdb,vote_count_tmdb,vote_average_ml,vote_count_ml
1007757,Swapped,Transform your destiny.,Nathan Greno,"Michael B. Jordan, Juno Temple, Tracy Morgan, Cedric the Entertainer, Justina Machado",2026-05-01,102,,,"Adventure, Animation, Family, Fantasy","A small woodland creature and a majestic bird, two natural sworn enemies of the Valley, magically trade places and set off on an adventure of a lifetime to switch back. Their journey soon uncovers a greater threat—one that could endanger not only their species, but the entire valley they call home.",8.869,2202,,
1311031,Demon Slayer: Kimetsu no Yaiba Infinity Castle,It's time to have some fun.,Haruo Sotozaki,"Natsuki Hanae, Takahiro Sakurai, Akira Ishida, Hiro Shimono, Yoshimasa Hosoya",2025-07-18,156,20000000.0,793594078.0,"Animation, Action, Fantasy","The Demon Slayer Corps are drawn into the Infinity Castle, where Tanjiro, Nezuko, and the Hashira face terrifying Upper Rank demons in a desperate fight as the final battle against Muzan Kibutsuji begins.",8.8,2173,,
278,The Shawshank Redemption,Fear can hold you prisoner. Hope can set you free.,Frank Darabont,"Tim Robbins, Morgan Freeman, Bob Gunton, William Sadler, Clancy Brown",1994-09-23,142,25000000.0,28341469.0,"Drama, Crime","Imprisoned in the 1940s for the double murder of his wife and her lover, upstanding banker Andy Dufresne begins a new life at the Shawshank prison, where he puts his accounting skills to work for an amoral warden. During his long stretch in prison, Dufresne comes to be admired by the other inmates -- including an older prisoner named Red -- for his integrity and unquenchable sense of hope.",8.73,31405,8.9,317.0
238,The Godfather,An offer you can't refuse.,Francis Ford Coppola,"Marlon Brando, Al Pacino, James Caan, Robert Duvall, Richard S. Castellano",1972-03-14,175,6000000.0,245066411.0,"Drama, Crime","Spanning the years 1945 to 1955, a chronicle of the fictional Italian-American Corleone crime family. When organized crime family patriarch, Vito Corleone barely survives an attempt on his life, his youngest son, Michael steps in to take care of the would-be killers, launching a campaign of bloody revenge.",8.687,23627,8.6,192.0
687163,Project Hail Mary,Believe in the Hail Mary.,"Phil Lord, Christopher Miller","Ryan Gosling, Sandra Hüller, James Ortiz, Lionel Boyce, Milana Vayntrub",2026-03-15,157,200000000.0,684234722.0,"Science Fiction, Adventure","Science teacher Ryland Grace wakes up on a spaceship light years from home with no recollection of who he is or how he got there. As his memory returns, he begins to uncover his mission: solve the riddle of the mysterious substance causing the sun to die out. He must call on his scientific knowledge and unorthodox ideas to save everything on Earth from extinction.",8.6,7953,,
936075,Michael,Discover the making of a king.,Antoine Fuqua,"Jaafar Jackson, Colman Domingo, Nia Long, Juliano Krue Valdi, KeiLyn Durrel Jones",2026-04-22,128,250000000.0,1042616139.0,"Music, Drama","The story of Michael Jackson, one of the most influential artists the world has ever known, and his life beyond the music. His journey from the discovery of his extraordinary talent as the lead of the Jackson Five, to the visionary artist whose creative ambition fueled a relentless pursuit to become the biggest entertainer in the world, highlighting both his life off-stage and some of the most iconic performances from his early solo career.",8.629,4406,,
240,The Godfather Part II,The rise and fall of the Corleone empire.,Francis Ford Coppola,"Al Pacino, Robert Duvall, Diane Keaton, Robert De Niro, John Cazale",1974-12-20,202,13000000.0,102600000.0,"Drama, Crime","In the continuing saga of the Corleone crime family, a young Vito Corleone grows up in Sicily and in 1910s New York. In the 1950s, Michael Corleone attempts to expand the family business into Las Vegas, Hollywood and Cuba.",8.6,14360,8.5,129.0
389,12 Angry Men,It explodes like 12 sticks of dynamite!,Sidney Lumet,"Martin Balsam, John Fiedler, Lee J. Cobb, E.G. Marshall, Jack Klugman",1957-04-10,97,397751.0,4360000.0,Drama,"The defense and the prosecution have rested and the jury is filing into the jury room to decide if a young Spanish-American is guilty or innocent of murdering his father. What begins as an open and shut case soon becomes a mini-drama of each of the jurors' prejudices and preconceptions about the trial, the accused, and each other.",8.6,10397,8.3,57.0
424,Schindler's List,"Whoever saves one life, saves the world entire.",Steven Spielberg,"Liam Neeson, Ben Kingsley, Ralph Fiennes, Caroline Goodall, Jonathan Sagall",1993-12-15,195,22000000.0,321365567.0,"Drama, History, War",The true story of how businessman Oskar Schindler saved over a thousand Jewish lives from the Nazis while they worked as slaves in his factory during World War II.,8.569,17943,8.4,220.0
155,The Dark Knight,Some men just want to watch the world burn.,Christopher Nolan,"Christian Bale, Heath Ledger, Aaron Eckhart, Michael Caine, Maggie Gyllenhaal",2008-07-16,152,185000000.0,1004558444.0,"Action, Thriller, Crime","Batman raises the stakes in his war on crime. With the help of Lt. Jim Gordon and District Attorney Harvey Dent, Batman sets out to dismantle the remaining criminal organizations that plague the streets. The partnership proves to be effective, but they soon find themselves prey to a reign of chaos unleashed by a rising criminal mastermind known to the terrified citizens of Gotham as the Joker.",8.535,36788,8.5,149.0
129,Spirited Away,Beyond the tunnel was a mysterious town.,Hayao Miyazaki,"Rumi Hiiragi, Miyu Irino, Mari Natsuki, Takashi Naito, Yasuko Sawaguchi",2001-07-20,125,19000000.0,274925095.0,"Animation, Family, Fantasy","A young girl, Chihiro, becomes trapped in a strange new world of spirits. When her parents undergo a mysterious transformation, she must call upon the courage she never knew she had to free her family.",8.535,18936,8.3,87.0
497,The Green Mile,Paul Edgecomb didn't believe in miracles. Until the day he met one.,Frank Darabont,"Tom Hanks, David Morse, Bonnie Hunt, Michael Clarke Duncan, James Cromwell",1999-12-10,189,60000000.0,286801374.0,"Fantasy, Drama, Crime","A supernatural tale set on death row in a Southern prison, where gentle giant John Coffey possesses the mysterious power to heal people's ailments. When the cell block's head guard, Paul Edgecomb, recognizes Coffey's miraculous gift, he tries desperately to help stave off the condemned man's execution.",8.506,19845,8.3,111.0
122,The Lord of the Rings: The Return of the King,There can be no triumph without loss. No victory without suffering. No freedom without sacrifice.,Peter Jackson,"Elijah Wood, Ian McKellen, Viggo Mortensen, Sean Astin, Andy Serkis",2003-12-17,201,94000000.0,1118888979.0,"Adventure, Fantasy, Action","As armies mass for a final battle that will decide the fate of the world--and powerful, ancient forces of Light and Dark compete to determine the outcome--one member of the Fellowship of the Ring is revealed as the noble heir to the throne of the Kings of Men. Yet, the sole hope for triumph over evil lies with a brave hobbit, Frodo, who, accompanied by his loyal friend Sam and the hideous, wretched Gollum, ventures deep into the very dark heart of Mordor on his seemingly impossible quest to destroy the Ring of Power.​",8.506,27411,8.2,185.0
19404,Dilwale Dulhania Le Jayenge,"Come… fall In love, all over again…",Aditya Chopra,"Kajol, Shah Rukh Khan, Amrish Puri, Farida Jalal, Anupam Kher",1995-10-20,190,13200000.0,100000000.0,"Comedy, Drama, Romance","Raj is a rich, carefree, happy-go-lucky second generation NRI. Simran is the daughter of Chaudhary Baldev Singh, who in spite of being an NRI is very strict about adherence to Indian values. Simran has left for India to be married to her childhood fiancé. Raj leaves for India with a mission at his hands, to claim his lady love under the noses of her whole family. Thus begins a saga.",8.504,4624,,
496243,Parasite,Act like you own the place.,Bong Joon Ho,"Song Kang-ho, Lee Sun-kyun, Cho Yeo-jeong, Choi Woo-shik, Park So-dam",2019-05-30,133,11363000.0,257591776.0,"Comedy, Thriller, Drama","All unemployed, Ki-taek's family takes peculiar interest in the wealthy and glamorous Parks for their livelihood until they get entangled in an unexpected incident.",8.49,21358,,
157336,Interstellar,Mankind was born on Earth. It was never meant to die here.,Christopher Nolan,"Matthew McConaughey, Anne Hathaway, Michael Caine, Jessica Chastain, Casey Affleck",2014-11-05,169,165000000.0,746606706.0,"Adventure, Drama, Science Fiction",The adventures of a group of explorers who make use of a newly discovered wormhole to surpass the limitations on human space travel and conquer the vast distances involved in an interstellar voyage.,8.488,41247,8.0,73.0
372058,Your Name.,"Separated by distance, connected by fate.",Makoto Shinkai,"Ryunosuke Kamiki, Mone Kamishiraishi, Ryo Narita, Aoi Yuuki, Nobunaga Shimazaki",2016-07-01,106,7500000.0,407210429.0,"Animation, Romance, Drama","High schoolers Mitsuha and Taki are complete strangers living separate lives. But one night, they suddenly switch places. Mitsuha wakes up in Taki’s body, and he in hers. This bizarre occurrence continues to happen randomly, and the two must adjust their lives around each other.",8.487,13021,8.0,3.0
680,Pulp Fiction,You won’t know the facts until you’ve seen the fiction.,Quentin Tarantino,"John Travolta, Samuel L. Jackson, Uma Thurman, Bruce Willis, Ving Rhames",1994-09-10,154,8000000.0,213928762.0,"Thriller, Crime, Comedy","A burger-loving hit man, his philosophical partner, a drug-addled gangster's moll and a washed-up boxer converge in this sprawling, comedic crime caper. Their adventures unfurl in three stories that ingeniously trip back and forth in time.",8.48,30932,8.4,307.0
429,"The Good, the Bad and the Ugly",For three men the Civil War wasn't hell. It was practice.,Sergio Leone,"Clint Eastwood, Eli Wallach, Lee Van Cleef, Aldo Giuffrè, Luigi Pistilli",1966-12-23,161,1200000.0,38900000.0,Western,"While the Civil War rages on between the Union and the Confederacy, three men – a quiet loner, a ruthless hitman, and a Mexican bandit – comb the American Southwest in search of a strongbox containing $200,000 in stolen gold.",8.468,9966,8.3,72.0
13,Forrest Gump,The world will never be the same once you've seen it through the eyes of Forrest Gump.,Robert Zemeckis,"Tom Hanks, Robin Wright, Gary Sinise, Sally Field, Mykelti Williamson",1994-06-23,142,55000000.0,677387716.0,"Comedy, Drama, Romance","A man with a low IQ has accomplished great things in his life and been present during significant historic events—in each case, far exceeding what anyone imagined he could do. But despite all he has achieved, his one true love eludes him.",8.461,30516,8.3,329.0
346,Seven Samurai,Unmatched for suspense and spectacle!,Akira Kurosawa,"Toshirō Mifune, Takashi Shimura, Yoshio Inaba, Seiji Miyaguchi, Minoru Chiaki",1954-04-26,207,2000000.0,105000000.0,"Action, Drama","A samurai answers a village's request for protection after he falls on hard times. The town needs protection from bandits, so the samurai gathers six others to help him teach the people how to defend themselves, and the villagers provide the soldiers with food.",8.452,4379,8.4,48.0
12477,Grave of the Fireflies,Why do fireflies have to die so soon?,Isao Takahata,"Tsutomu Tatsumi, Ayano Shiraishi, Yoshiko Shinohara, Akemi Yamaguchi, Masayo Sakai",1988-04-16,89,3700000.0,842132.0,"Animation, Drama, War","In the final months of World War II, 14-year-old Seita and his sister Setsuko are orphaned when their mother is killed during an air raid in Kobe, Japan. After a falling out with their aunt, they move into an abandoned bomb shelter. With no surviving relatives and their emergency rations depleted, Seita and Setsuko struggle to survive.",8.451,6830,8.3,16.0
769,GoodFellas,Three decades of life in the mafia.,Martin Scorsese,"Robert De Niro, Ray Liotta, Joe Pesci, Lorraine Bracco, Paul Sorvino",1990-09-12,145,25000000.0,47072327.0,"Drama, Crime","The true story of Henry Hill, a half-Irish, half-Sicilian Brooklyn kid who is adopted by neighbourhood gangsters at an early age and climbs the ranks of a Mafia family under the guidance of Jimmy Conway.",8.5,14782,8.5,126.0
120,The Lord of the Rings: The Fellowship of the Ring,One ring to rule them all.,Peter Jackson,"Elijah Wood, Ian McKellen, Viggo Mortensen, Sean Astin, Ian Holm",2001-12-18,179,93000000.0,871368364.0,"Adventure, Fantasy, Action","Young hobbit Frodo Baggins, after inheriting a mysterious ring from his uncle Bilbo, must leave his home in order to keep it from falling into the hands of its evil creator. Along the way, a fellowship is formed to protect the ringbearer and make sure that the ring arrives at its final destination: Mt. Doom, the only place where it can be destroyed.",8.445,28407,8.2,198.0
550,Fight Club,Mischief. Mayhem. Soap.,David Fincher,"Edward Norton, Brad Pitt, Helena Bonham Carter, Meat Loaf, Jared Leto",1999-10-15,139,63000000.0,100853753.0,"Drama, Thriller","A ticking-time-bomb insomniac and a slippery soap salesman channel primal male aggression into a shocking new form of therapy. Their concept catches on, with underground ""fight clubs"" forming in every town, until an eccentric gets in the way and ignites an out-of-control spiral toward oblivion.",8.437,32910,8.5,218.0
637,Life Is Beautiful,"An unforgettable fable that proves love, family and imagination conquer all.",Roberto Benigni,"Roberto Benigni, Nicoletta Braschi, Giorgio Cantarini, Giustino Durano, Sergio Bini Bustric",1997-12-20,116,20000000.0,230098753.0,"Comedy, Drama",A touching story of an Italian book seller of Jewish ancestry who lives in his own little fairy tale. His creative and happy life would come to an abrupt halt when his entire family is deported to a concentration camp during World War II. While locked up he tries to convince his son that the whole thing is just a game.,8.436,14263,8.3,88.0
11216,Cinema Paradiso,An enchanted village. A wonderful friendship. Star-crossed lovers. And the magic of the movies.,Giuseppe Tornatore,"Philippe Noiret, Jacques Perrin, Marco Leonardi, Salvatore Cascio, Agnese Nano",1988-11-17,124,5000000.0,35962062.0,"Drama, Romance","A filmmaker recalls his childhood, when he fell in love with the movies at his village's theater and formed a deep friendship with the theater's projectionist.",8.4,4987,8.3,34.0
121,The Lord of the Rings: The Two Towers,The journey continues.,Peter Jackson,"Elijah Wood, Ian McKellen, Viggo Mortensen, Sean Astin, Andy Serkis",2002-12-18,179,79000000.0,926287400.0,"Adventure, Fantasy, Action","Frodo Baggins and the other members of the Fellowship continue on their sacred quest to destroy the One Ring--but on separate paths. Their destinies lie at two towers--Orthanc Tower in Isengard, where the corrupt wizard Saruman awaits, and Sauron's fortress at Barad-dur, deep within the dark lands of Mordor.",8.429,24619,8.0,188.0
598,City of God,"If you run, the beast catches you; if you stay, the beast eats you.",Fernando Meirelles,"Alexandre Rodrigues, Leandro Firmino, Phellipe Haagensen, Douglas Silva, Jonathan Haagensen",2002-08-30,129,3300000.0,30641770.0,"Drama, Crime","In the poverty-stricken favelas of Rio de Janeiro in the 1970s, two young men choose different paths. Rocket is a budding photographer who documents the increasing drug-related violence of his neighborhood, while José “Zé” Pequeno is an ambitious drug dealer diving into a dangerous life of crime.",8.427,8464,8.3,75.0
539,Psycho,A new and altogether different screen excitement!,Alfred Hitchcock,"Anthony Perkins, Janet Leigh, Vera Miles, John Gavin, Martin Balsam",1960-06-22,109,806947.0,50000000.0,"Horror, Thriller, Mystery","When larcenous real estate clerk Marion Crane goes on the lam with a wad of cash and hopes of starting a new life, she ends up at the notorious Bates Motel, where manager Norman Bates cares for his housebound mother.",8.406,11270,8.1,83.0
510,One Flew Over the Cuckoo's Nest,"In this clean, orderly, disciplined world, who needs guys like McMurphy? Everybody.",Miloš Forman,"Jack Nicholson, Brad Dourif, Louise Fletcher, Danny DeVito, William Redfield",1975-11-19,135,3000000.0,108981275.0,Drama,"A petty criminal fakes insanity to serve his sentence in a mental ward rather than prison. He soon finds himself as a leader to the other patients—and an enemy to the cruel, domineering nurse who runs the ward.",8.405,11787,8.4,133.0
324857,Spider-Man: Into the Spider-Verse,Enter a universe where more than one wears the mask.,"Bob Persichetti, Peter Ramsey, Rodney Rothman","Shameik Moore, Jake Johnson, Hailee Steinfeld, Mahershala Ali, Brian Tyree Henry",2018-12-06,117,90000000.0,394884133.0,"Animation, Action, Adventure, Science Fiction","Struggling to find his place in the world while juggling school and family, Brooklyn teenager Miles Morales is unexpectedly bitten by a radioactive spider and develops unfathomable powers just like the one and only Spider-Man. While wrestling with the implications of his new abilities, Miles discovers a super collider created by the madman Wilson ""Kingpin"" Fisk, causing others from across the Spider-Verse to be inadvertently transported to his dimension.",8.401,17911,,
378064,A Silent Voice: The Movie,Sometimes the answer is as simple as learning to listen.,Naoko Yamada,"Miyu Irino, Saori Hayami, Aoi Yuuki, Kensho Ono, Yuki Kaneko",2016-09-17,129,,30800000.0,"Animation, Drama, Romance","Shouya Ishida starts bullying the new girl in class, Shouko Nishimiya, because she is deaf. But as the teasing continues, the rest of the class starts to turn on Shouya for his lack of compassion. When they leave elementary school, Shouko and Shouya do not speak to each other again... until an older, wiser Shouya, tormented by his past behaviour, decides he must see Shouko once more. He wants to atone for his sins, but is it already too late...?",8.398,4696,8.0,2.0
1891,The Empire Strikes Back,The Star Wars saga continues.,Irvin Kershner,"Mark Hamill, Harrison Ford, Carrie Fisher, Billy Dee Williams, Anthony Daniels",1980-05-20,124,18000000.0,538400000.0,"Adventure, Action, Science Fiction","The epic saga continues as Luke Skywalker, in hopes of defeating the evil Galactic Empire, learns the ways of the Jedi from aging master Yoda. But Darth Vader is more determined than ever to capture Luke. Meanwhile, rebel leader Princess Leia, cocky Han Solo, Chewbacca, and droids C-3PO and R2-D2 are thrown into various stages of capture, betrayal and despair.",8.393,18883,8.4,211.0
4935,Howl's Moving Castle,Love Comes First.,Hayao Miyazaki,"Chieko Baisho, Takuya Kimura, Akihiro Miwa, Tatsuya Gashuin, Ryunosuke Kamiki",2004-09-09,119,24000000.0,236049757.0,"Fantasy, Animation, Adventure","Sophie, a young milliner, is turned into an elderly woman by a witch who enters her shop and curses her. She encounters a wizard named Howl and gets caught up in his resistance to fighting for the king.",8.387,11474,8.2,40.0
807,Se7en,Gluttony. Greed. Sloth. Envy. Wrath. Pride. Lust.,David Fincher,"Morgan Freeman, Brad Pitt, Gwyneth Paltrow, John Cassini, Peter Crombie",1995-09-22,127,33000000.0,327311859.0,"Crime, Mystery, Thriller","Two homicide detectives are on a desperate hunt for a serial killer whose crimes are based on the ""seven deadly sins"" in this dark and haunting film that takes viewers from the tortured remains of one victim to the next. The seasoned Det. Somerset researches each sin in an effort to get inside the killer's mind, while his novice partner, Mills, scoffs at his efforts to unravel the case.",8.381,23834,8.0,203.0
696374,Gabriel's Inferno,,Tosca Musk,"Melanie Zanetti, Giulio Berruti, Kurt McKinney, Agnes Albright, Margaux Brooke",2020-05-29,122,,,"Romance, Drama","An intriguing and sinful exploration of seduction, forbidden love, and redemption, Gabriel's Inferno is a captivating and wildly passionate tale of one man's escape from his own personal hell as he tries to earn the impossible--forgiveness and love.",8.38,2482,,
244786,Whiplash,"Do your best, he said…",Damien Chazelle,"Miles Teller, J.K. Simmons, Paul Reiser, Melissa Benoist, Austin Stowell",2014-10-10,107,3300000.0,50307484.0,"Drama, Music, Thriller","Under the direction of a ruthless instructor, a talented young drummer begins to pursue perfection at any cost, even his humanity.",8.376,17118,8.1,38.0
27205,Inception,Your mind is the scene of the crime.,Christopher Nolan,"Leonardo DiCaprio, Joseph Gordon-Levitt, Ken Watanabe, Tom Hardy, Elliot Page",2010-07-15,148,160000000.0,839030630.0,"Action, Science Fiction, Adventure","Cobb, a skilled thief who commits corporate espionage by infiltrating the subconscious of his targets is offered a chance to regain his old life as payment for a task considered to be impossible: ""inception"", the implantation of another person's idea into a target's subconscious.",8.374,40260,8.1,143.0
423,The Pianist,Music was his passion. Survival was his masterpiece.,Roman Polanski,"Adrien Brody, Thomas Kretschmann, Frank Finlay, Maureen Lipman, Emilia Fox",2002-09-17,150,35000000.0,120098945.0,"Drama, War","The true story of pianist Władysław Szpilman's experiences in Warsaw during the Nazi occupation. When the Jews of the city find themselves forced into a ghetto, Szpilman finds work playing in a café; and when his family is deported in 1942, he stays behind, works for a while as a laborer, and eventually goes into hiding in the ruins of the war-torn city.",8.371,10469,8.2,46.0
311,Once Upon a Time in America,"Crime, passion and lust for power.",Sergio Leone,"Robert De Niro, James Woods, Elizabeth McGovern, Joe Pesci, Burt Young",1984-05-23,139,30000000.0,5500000.0,"Drama, Crime","A former Prohibition-era Jewish gangster returns to the Lower East Side of Manhattan over thirty years later, where he once again must confront the ghosts and regrets of his old life.",8.369,6223,8.1,16.0
569094,Spider-Man: Across the Spider-Verse,It's how you wear the mask that matters.,"Justin K. Thompson, Kemp Powers, Joaquim Dos Santos","Shameik Moore, Hailee Steinfeld, Brian Tyree Henry, Luna Lauren Vélez, Jake Johnson",2023-05-31,140,100000000.0,690897910.0,"Animation, Action, Adventure, Science Fiction","After reuniting with Gwen Stacy, Brooklyn’s full-time, friendly neighborhood Spider-Man is catapulted across the Multiverse, where he encounters the Spider Society, a team of Spider-People charged with protecting the Multiverse's very existence. But when the heroes clash on how to handle a new threat, Miles finds himself pitted against the other Spiders and must set out on his own to save those he loves most.",8.35,9291,,
1084244,Toy Story 5,It's on.,Andrew Stanton,"Joan Cusack, Tom Hanks, Tim Allen, Conan O'Brien, Scarlett Spears",2026-06-17,102,250000000.0,1136476240.0,"Animation, Family, Comedy, Adventure","When Bonnie receives a Lilypad tablet as a gift and becomes obsessed, Buzz, Woody, Jessie and the rest of the gang's jobs become exponentially harder when they have to go head to head with the all-new threat to playtime.",8.345,2285,,
274,The Silence of the Lambs,To enter the mind of a killer she must challenge the mind of a madman.,Jonathan Demme,"Jodie Foster, Anthony Hopkins, Scott Glenn, Ted Levine, Anthony Heald",1991-02-14,119,19000000.0,272742922.0,"Crime, Thriller, Drama","Clarice Starling is a top student at the FBI's training academy.  Jack Crawford wants Clarice to interview Dr. Hannibal Lecter, a brilliant psychiatrist who is also a violent psychopath, serving life behind bars for various acts of murder and cannibalism.  Crawford believes that Lecter may have insight into a case and that Starling, as an attractive young woman, may be just the bait to draw him out.",8.345,18539,8.3,279.0
567,Rear Window,It only takes one witness to spoil the perfect crime.,Alfred Hitchcock,"James Stewart, Grace Kelly, Wendell Corey, Thelma Ritter, Raymond Burr",1954-08-01,113,1000000.0,37042336.0,"Thriller, Mystery, Drama",A wheelchair-bound photographer spies on his neighbors from his apartment window and becomes convinced one of them has committed murder.,8.336,7377,8.5,84.0
105,Back to the Future,He was never in time for his classes... He wasn't in time for his dinner... Then one day... he wasn't in his time at all.,Robert Zemeckis,"Michael J. Fox, Christopher Lloyd, Crispin Glover, Lea Thompson, Claudia Wells",1985-07-03,116,19000000.0,391546852.0,"Adventure, Comedy, Science Fiction","Eighties teenager Marty McFly is accidentally sent back in time to 1955, inadvertently disrupting his parents' first meeting and attracting his mother's romantic interest. Marty must repair the damage to history by rekindling his parents' romance and - with the help of his eccentric inventor friend Doc Brown - return to 1985.",8.33,22440,8.1,171.0
73,American History X,Some legacies must end.,Tony Kaye,"Edward Norton, Edward Furlong, Beverly D'Angelo, Jennifer Lien, Ethan Suplee",1998-07-01,119,20000000.0,23900000.0,Drama,"Derek Vineyard is paroled after serving 3 years in prison for killing two African-American men. Through his brother, Danny Vineyard's narration, we learn that before going to prison, Derek was a skinhead and the leader of a violent white supremacist gang that committed acts of racial crime throughout L.A. and his actions greatly influenced Danny. Reformed and fresh out of prison, Derek severs contact with the gang and becomes determined to keep Danny from going down the same violent path as he did.",8.323,12940,8.4,129.0
128,Princess Mononoke,The fate of the world rests on the courage of one warrior.,Hayao Miyazaki,"Yoji Matsuda, Yuriko Ishida, Yuko Tanaka, Kaoru Kobayashi, Masahiko Nishimura",1997-07-12,134,23500000.0,176506186.0,"Adventure, Fantasy, Animation","Ashitaka, a prince of the disappearing Emishi people, is cursed by a demonized boar god and must journey to the west to find a cure. Along the way, he encounters San, a young human woman fighting to protect the forest, and Lady Eboshi, who is trying to destroy it. Ashitaka must find a way to bring balance to this conflict.",8.321,9311,7.9,48.0
1184918,The Wild Robot,Discover your true nature.,Chris Sanders,"Lupita Nyong'o, Pedro Pascal, Kit Connor, Bill Nighy, Stephanie Hsu",2024-09-12,102,78000000.0,331982078.0,"Family, Animation, Science Fiction, Adventure","After a shipwreck, an intelligent robot called Roz is stranded on an uninhabited island. To survive the harsh environment, Roz bonds with the island's animals and cares for an orphaned baby goose.",8.308,6634,,
10494,Perfect Blue,"""excuse me... who are you?""",Satoshi Kon,"Junko Iwao, Rica Matsumoto, Shiho Niiyama, Masaaki Okura, Shinpachi Tsuji",1998-02-28,81,830442.0,2743097.0,"Animation, Thriller","Rising pop star Mima Kirigoe quits singing to pursue a career as an actress. After she takes up a role on a popular detective show, her handlers and collaborators begin turning up murdered. Harboring feelings of guilt and haunted by visions of her former self, Mima's reality and fantasy meld into a frenzied paranoia.",8.306,3370,8.4,5.0
207,Dead Poets Society,He was their inspiration. He made their lives extraordinary.,Peter Weir,"Robin Williams, Robert Sean Leonard, Ethan Hawke, Josh Charles, Gale Hansen",1989-06-02,129,16400000.0,235860116.0,Drama,"At an elite, old-fashioned boarding school in New England, a passionate English teacher inspires his students to rebel against convention and seize the potential of every day, courting the disdain of the stern headmaster.",8.3,12983,7.9,86.0
101,Léon: The Professional,"If you want the job done right, hire a professional.",Luc Besson,"Jean Reno, Natalie Portman, Gary Oldman, Danny Aiello, Peter Appel",1994-09-14,111,16000000.0,20330788.0,"Crime, Drama, Action","Léon, the top hit man in New York, has earned a rep as an effective ""cleaner"". But when his next-door neighbors are wiped out by a loose-cannon DEA agent, he becomes the unwilling custodian of 12-year-old Mathilda. Before long, Mathilda's thoughts turn to revenge, and she considers following in Léon's footsteps.",8.29,16552,8.0,133.0
914,The Great Dictator,Once again - the whole world laughs!,Charlie Chaplin,"Charlie Chaplin, Paulette Goddard, Jack Oakie, Reginald Gardiner, Henry Daniell",1940-10-15,125,2000000.0,11000000.0,"Comedy, War",Dictator Adenoid Hynkel tries to expand his empire while a poor Jewish barber tries to avoid persecution from Hynkel's regime.,8.284,3813,8.3,15.0
3082,Modern Times,"He stands alone as the greatest entertainer of modern times! No one on earth can make you laugh as heartily or touch your heart as deeply...the whole world laughs, cries and thrills to his priceless genius!",Charlie Chaplin,"Charlie Chaplin, Paulette Goddard, Henry Bergman, Tiny Sandford, Chester Conklin",1936-02-05,87,1500000.0,1800000.0,"Comedy, Drama, Romance","A bumbling tramp desires to build a home with a young woman, yet is thwarted time and time again by his lack of experience and habit of being in the wrong place at the wrong time...",8.281,4201,7.4,25.0
1585,It's a Wonderful Life,It's a wonderful laugh! It's a wonderful love!,Frank Capra,"James Stewart, Donna Reed, Lionel Barrymore, Thomas Mitchell, Henry Travers",1946-12-20,131,3180000.0,9644124.0,"Drama, Family, Fantasy","George Bailey has spent his entire life giving to the people of Bedford Falls.  All that prevents rich skinflint Mr. Potter from taking over the entire town is George's modest building and loan company.  But on Christmas Eve the business's $8,000 is lost and George's troubles begin.",8.278,5071,8.1,58.0
1439930,The Punisher: One Last Kill,Hey Frank.,Reinaldo Marcus Green,"Jon Bernthal, Deborah Ann Woll, Jason R. Moore, Judith Light, Kelli Barrett",2026-05-12,51,,,"Action, Drama, Crime","As Frank Castle searches for meaning beyond revenge, an unexpected force pulls him back into the fight.",8.3,2255,,
77338,The Intouchables,Sometimes you have to reach into someone else's world to find out what's missing in your own.,"Éric Toledano, Olivier Nakache","François Cluzet, Omar Sy, Anne Le Ny, Audrey Fleurot, Joséphine de Meaux",2011-11-02,113,13000000.0,426590315.0,"Drama, Comedy",A true story of two men who should never have met – a quadriplegic aristocrat who was injured in a paragliding accident and a young man from the projects.,8.272,18846,8.2,37.0
599,Sunset Boulevard,A Hollywood Story: Sensational...Daring...Unforgettable...Sunset Blvd,Billy Wilder,"William Holden, Gloria Swanson, Erich von Stroheim, Nancy Olson, Fred Clark",1950-08-10,110,1752000.0,5000000.0,Drama,A hack screenwriter writes a screenplay for a former silent film star who has faded into Hollywood obscurity.,8.273,3034,8.7,27.0
335,Once Upon a Time in the West,There were three men in her life. One to take her… one to love her —and one to kill her.,Sergio Leone,"Claudia Cardinale, Henry Fonda, Jason Robards, Charles Bronson, Gabriele Ferzetti",1968-12-21,166,5000000.0,5380118.0,"Drama, Western","As the railroad builders advance unstoppably through the Arizona desert on their way to the sea, Jill arrives in the small town of Flagstone with the intention of starting a new life.",8.263,5061,8.6,18.0
28,Apocalypse Now,This is the end...,Francis Ford Coppola,"Martin Sheen, Marlon Brando, Frederic Forrest, Albert Hall, Laurence Fishburne",1979-05-19,147,31500000.0,150000000.0,"Drama, War","At the height of the Vietnam war, Captain Benjamin Willard is sent on a dangerous mission that, officially, ""does not exist, nor will it ever exist."" His goal is to locate - and eliminate - a mysterious Green Beret Colonel named Walter Kurtz, who has been leading his personal army on illegal guerrilla missions into enemy territory.",8.261,9396,8.4,107.0
603,The Matrix,Believe the unbelievable.,"Lana Wachowski, Lilly Wachowski","Keanu Reeves, Laurence Fishburne, Carrie-Anne Moss, Hugo Weaving, Gloria Foster",1999-03-31,136,63000000.0,463517383.0,"Action, Science Fiction","Set in the 22nd century, The Matrix tells the story of a computer hacker who joins a group of underground insurgents fighting the vast and powerful computers who now rule the earth.",8.259,28789,8.4,278.0
637920,Miracle in Cell No. 7,,Mehmet Ada Öztekin,"Aras Bulut İynemli, Nisa Sofiya Aksongur, İlker Aksum, Mesut Akusta, Yıldıray Şahinler",2019-10-10,132,,,Drama,"Separated from his daughter, a father with an intellectual disability must prove his innocence when he is jailed for the death of a commander's child.",8.252,4599,,
8587,The Lion King,The greatest adventure of all is finding our place in the Circle of Life.,"Roger Allers, Rob Minkoff","Matthew Broderick, Moira Kelly, Jeremy Irons, Nathan Lane, Ernie Sabella",1994-06-15,89,45000000.0,763455561.0,"Animation, Family, Drama","Young lion prince Simba, eager to one day become king of the Pride Lands, grows up under the watchful eye of his father Mufasa; all the while his villainous uncle Scar conspires to take the throne for himself. Amid betrayal and tragedy, Simba must confront his past and find his rightful place in the Circle of Life.",8.3,20169,7.9,172.0
975,Paths of Glory,It explodes in the no-man's land no picture ever dared cross before!,Stanley Kubrick,"Kirk Douglas, Ralph Meeker, Adolphe Menjou, George Macready, Wayne Morris",1957-10-25,88,935000.0,1200000.0,"War, Drama",A commanding officer defends three scapegoats on trial for a failed offensive that occurred within the French Army in 1916.,8.25,3383,9.1,12.0
901,City Lights,True Blind Love,Charlie Chaplin,"Charlie Chaplin, Virginia Cherrill, Florence Lee, Harry Myers, Al Ernest Garcia",1931-02-06,87,1500000.0,4250000.0,"Comedy, Drama, Romance",A tramp falls in love with a beautiful blind flower girl. His on-and-off friendship with a wealthy man allows him to be the girl's benefactor and suitor.,8.244,2549,7.7,13.0
299534,Avengers: Endgame,Avenge the fallen.,"Joe Russo, Anthony Russo","Robert Downey Jr., Chris Evans, Mark Ruffalo, Chris Hemsworth, Scarlett Johansson",2019-04-24,181,356000000.0,2799439100.0,"Adventure, Science Fiction, Action","After the devastating events of Avengers: Infinity War, the universe is in ruins due to the efforts of the Mad Titan, Thanos. With the help of remaining allies, the Avengers must assemble once more in order to undo Thanos' actions and restore order to the universe once and for all, no matter what consequences may be in store.",8.244,28765,,
299536,Avengers: Infinity War,An entire universe. Once and for all.,"Anthony Russo, Joe Russo","Robert Downey Jr., Chris Evans, Chris Hemsworth, Josh Brolin, Mark Ruffalo",2018-04-25,149,300000000.0,2052415039.0,"Adventure, Action, Science Fiction","As the Avengers and their allies have continued to protect the world from threats too large for any one hero to handle, a new danger has emerged from the cosmic shadows: Thanos. A despot of intergalactic infamy, his goal is to collect all six Infinity Stones, artifacts of unimaginable power, and use them to inflict his twisted will on all of reality. Everything the Avengers have fought for has led up to this moment - the fate of Earth and existence itself has never been more uncertain.",8.243,32973,8.0,13.0
670,Oldboy,"15 years of imprisonment, five days of vengeance.",Park Chan-wook,"Choi Min-sik, Yoo Ji-tae, Kang Hye-jung, Kim Byeong-ok, Ji Dae-han",2003-11-21,120,3000000.0,17500000.0,"Thriller, Mystery","With no clue how he came to be imprisoned, drugged and tortured for 15 years, a desperate man seeks revenge on his captors.",8.235,10231,8.2,39.0
10376,The Legend of 1900,An epic story of a man who could do anything... except be ordinary,Giuseppe Tornatore,"Tim Roth, Pruitt Taylor Vince, Mélanie Thierry, Bill Nunn, Gabriele Lavia",1998-10-28,170,9000000.0,21057208.0,"Drama, Music","Musician Max Tooney goes to sell his prized Conn trumpet to a music shop, where he plays the instrument one last time. The shopkeeper recognises the song as one on a record matrix he found and asks who the piece is by. Tooney tells the story of an infant found abandoned in the first class dining room of the four-stacker ocean-liner SS Virginian on 1 January 1900. Danny Boodman, a coal-man from the boiler room, names the boy Danny Boodman T. D. Lemon 1900, after himself, the fruit crate the boy was found in, and the year, and raises him as his own.",8.233,2496,7.3,3.0
857,Saving Private Ryan,The mission is a man.,Steven Spielberg,"Tom Hanks, Tom Sizemore, Edward Burns, Barry Pepper, Adam Goldberg",1998-07-24,169,70000000.0,481840909.0,"War, Drama, History","As U.S. troops storm the beaches of Normandy, three brothers lie dead on the battlefield, with a fourth trapped behind enemy lines. Ranger captain John Miller and seven men are tasked with penetrating German-held territory and bringing the boy home.",8.233,17811,8.3,188.0
98,Gladiator,What we do in life echoes in eternity.,Ridley Scott,"Russell Crowe, Joaquin Phoenix, Connie Nielsen, Oliver Reed, Richard Harris",2000-05-04,155,103000000.0,465516248.0,"Action, Drama, Adventure","After the death of Emperor Marcus Aurelius, his devious son takes power and demotes Maximus, one of Rome's most capable generals who Marcus preferred. Eventually, Maximus is forced to become a gladiator and battle to the death against other men for the amusement of paying audiences.",8.23,21535,7.9,170.0
635302,Demon Slayer -Kimetsu no Yaiba- The Movie: Mugen Train,"With your blade, bring an end to the nightmare.",Haruo Sotozaki,"Natsuki Hanae, Akari Kito, Hiro Shimono, Yoshitsugu Matsuoka, Satoshi Hino",2020-10-16,117,15700000.0,523542183.0,"Animation, Action, Fantasy","Tanjiro Kamado, joined with Inosuke Hashibira, a boy raised by boars who wears a boar's head, and Zenitsu Agatsuma, a scared boy who reveals his true power when he sleeps, boards the Infinity Train on a new mission with the Fire Hashira, Kyojuro Rengoku, to defeat a demon who has been tormenting the people and killing the demon slayers who oppose it!",8.228,4688,,
447362,Life in a Year,,Mitja Okorn,"Jaden Smith, Cara Delevingne, Cuba Gooding Jr., Chris D'Elia, JT Neal",2020-11-27,107,,,"Drama, Romance","A 17 year old finds out that his girlfriend is dying, so he sets out to give her an entire life, in the last year she has left.",8.226,2009,,
490132,Green Book,Inspired by a True Friendship.,Peter Farrelly,"Viggo Mortensen, Mahershala Ali, Linda Cardellini, Sebastian Maniscalco, Dimiter D. Marinov",2018-11-16,130,23000000.0,321752656.0,"Drama, Comedy, History","Tony Lip, a bouncer in 1962, is hired to drive pianist Don Shirley on a tour through the Deep South in the days when African Americans, forced to find alternate accommodations and services due to segregation laws below the Mason-Dixon Line, relied on a guide called The Negro Motorist Green Book.",8.224,13278,,
1226863,The Super Mario Galaxy Movie,The galaxy awaits.,"Aaron Horvath, Michael Jelenic","Chris Pratt, Charlie Day, Anya Taylor-Joy, Jack Black, Keegan-Michael Key",2026-04-01,98,110000000.0,1012203331.0,"Family, Comedy, Adventure, Fantasy, Animation","Having thwarted Bowser's previous plot to marry Princess Peach, Mario and Luigi now face a fresh threat in Bowser Jr., who is determined to liberate his father from captivity and restore the family legacy. Alongside companions new and old, the brothers travel across the stars to stop the young heir's crusade.",8.223,3716,,
315162,Puss in Boots: The Last Wish,Say hola to his little friends.,Joel Crawford,"Antonio Banderas, Salma Hayek Pinault, Harvey Guillén, Wagner Moura, Florence Pugh",2022-12-07,103,90000000.0,484700000.0,"Animation, Adventure, Fantasy, Comedy, Family","Puss in Boots discovers that his passion for adventure has taken its toll: He has burned through eight of his nine lives, leaving him with only one life left. Puss sets out on an epic journey to find the mythical Last Wish and restore his nine lives.",8.218,9246,,
110420,Wolf Children,"One mother, two worlds, endless sacrifice...",Mamoru Hosoda,"Aoi Miyazaki, Takao Osawa, Haru Kuroki, Yukito Nishii, Momoka Ohno",2012-07-21,117,,55000000.0,"Animation, Family, Drama, Fantasy","After her werewolf lover unexpectedly dies in an accident, a woman must find a way to raise the son and daughter that she had with him. However, their inheritance of their father's traits prove to be a challenge for her.",8.217,2541,8.0,4.0
16869,Inglourious Basterds,Once upon a time in Nazi occupied France...,Quentin Tarantino,"Brad Pitt, Mélanie Laurent, Christoph Waltz, Eli Roth, Michael Fassbender",2009-08-02,153,70000000.0,321457747.0,"Drama, Thriller, War","In Nazi-occupied France during World War II, a group of Jewish-American soldiers known as ""The Basterds"" are chosen specifically to spread fear throughout the Third Reich by scalping and brutally killing Nazis. The Basterds, lead by Lt. Aldo Raine soon cross paths with a French-Jewish teenage girl who runs a movie theater in Paris which is targeted by the soldiers.",8.217,24810,8.3,88.0
508965,Klaus,A true selfless act always sparks another.,Sergio Pablos,"Jason Schwartzman, J.K. Simmons, Rashida Jones, Joan Cusack, Norm Macdonald",2019-11-08,97,40000000.0,,"Animation, Family, Comedy","A selfish postman and a reclusive toymaker form an unlikely friendship, delivering joy to a cold, dark town that desperately needs it.",8.216,4837,,
527641,Five Feet Apart,"When life keeps you apart, fight for every inch.",Justin Baldoni,"Haley Lu Richardson, Cole Sprouse, Moisés Arias, Kimberly Hébert Gregory, Parminder Nagra",2019-03-14,116,7000000.0,92600000.0,"Romance, Drama","Seventeen-year-old Stella spends most of her time in the hospital as a cystic fibrosis patient. Her life is full of routines, boundaries and self-control — all of which get put to the test when she meets Will, an impossibly charming teen who has the same illness. There's an instant flirtation, though restrictions dictate that they must maintain a safe distance between them. As their connection intensifies, so does the temptation to throw the rules out the window and embrace that attraction.",8.213,5991,,
1124,The Prestige,Are you watching closely?,Christopher Nolan,"Hugh Jackman, Christian Bale, Michael Caine, Piper Perabo, Rebecca Hall",2006-10-19,130,40000000.0,109676311.0,"Drama, Mystery, Science Fiction","A mysterious story of two magicians whose intense rivalry leads them on a life-long battle for supremacy -- full of obsession, deceit and jealousy with dangerous and deadly consequences.",8.2,18162,8.0,90.0
11,Star Wars,"A long time ago in a galaxy far, far away...",George Lucas,"Mark Hamill, Harrison Ford, Carrie Fisher, Peter Cushing, Alec Guinness",1977-05-25,121,11000000.0,775398007.0,"Adventure, Action, Science Fiction",Princess Leia is captured and held hostage by the evil Imperial forces in their effort to take over the galactic Empire. Venturesome Luke Skywalker and dashing captain Han Solo team together with the loveable robot duo R2-D2 and C-3PO to rescue the beautiful princess and restore peace and justice in the Empire.,8.207,22904,8.5,251.0
50014,The Help,Change begins with a whisper.,Tate Taylor,"Emma Stone, Viola Davis, Bryce Dallas Howard, Octavia Spencer, Jessica Chastain",2011-08-09,146,25000000.0,216600000.0,Drama,"Aibileen Clark is a middle-aged African-American maid who has spent her life raising white children and has recently lost her only son; Minny Jackson is an African-American maid who has often offended her employers despite her family's struggles with money and her desperate need for jobs; and Eugenia ""Skeeter"" Phelan is a young white woman who has recently moved back home after graduating college to find out her childhood maid has mysteriously disappeared. These three stories intertwine to explain how life in Jackson, Mississippi revolves around ""the help""; yet they are always kept at a certain distance because of racial lines.",8.206,9287,7.7,21.0
694,The Shining,A masterpiece of modern horror.,Stanley Kubrick,"Jack Nicholson, Shelley Duvall, Danny Lloyd, Scatman Crothers, Barry Nelson",1980-05-23,144,19000000.0,50312025.0,"Horror, Thriller","Jack Torrance accepts a caretaker job at the Overlook Hotel, where he, along with his wife Wendy and their son Danny, must live isolated from the rest of the world for the winter. But they aren't prepared for the madness that lurks within.",8.201,19410,8.2,109.0
354912,Coco,The celebration of a lifetime.,Lee Unkrich,"Anthony Gonzalez, Gael García Bernal, Benjamin Bratt, Alanna Ubach, Renée Victor",2017-10-27,105,175000000.0,814641172.0,"Family, Animation, Music, Adventure","Despite his family’s baffling generations-old ban on music, Miguel dreams of becoming an accomplished musician like his idol, Ernesto de la Cruz. Desperate to prove his talent, Miguel finds himself in the stunning and colorful Land of the Dead following a mysterious chain of events. Along the way, he meets charming trickster Hector, and together, they set off on an extraordinary journey to unlock the real story behind Miguel's family history.",8.197,21431,7.1,13.0
11324,Shutter Island,Someone is missing.,Martin Scorsese,"Leonardo DiCaprio, Mark Ruffalo, Ben Kingsley, Max von Sydow, Michelle Williams",2010-02-14,138,80000000.0,294804195.0,"Drama, Thriller, Mystery","World War II soldier-turned-U.S. Marshal Teddy Daniels investigates the disappearance of a patient from a hospital for the criminally insane, but his efforts are compromised by troubling visions and a mysterious doctor.",8.197,26466,8.0,67.0
1339713,Obsession,Be careful who you wish for…,Curry Barker,"Michael Johnston, Inde Navarrette, Cooper Tomlinson, Megan Lawless, Andy Richter",2026-05-13,109,750000.0,519516701.0,"Horror, Thriller","After breaking the mysterious ""One Wish Willow"" to win his crush's heart, a hopeless romantic finds himself getting exactly what he asked for but soon discovers that some desires come at a dark, sinister price.",8.195,5703,,
324786,Hacksaw Ridge,One of the greatest heroes in American history never fired a bullet.,Mel Gibson,"Andrew Garfield, Sam Worthington, Vince Vaughn, Teresa Palmer, Luke Bracey",2016-10-07,139,40000000.0,175302354.0,"Drama, History, War","WWII American Army Medic Desmond T. Doss, who served during the Battle of Okinawa, refuses to kill people and becomes the first Conscientious Objector in American history to receive the Congressional Medal of Honor.",8.192,15325,7.9,8.0
265177,Mommy,Loving people doesn't save them.,Xavier Dolan,"Anne Dorval, Suzanne Clément, Antoine Olivier Pilon, Patrick Huard, Alexandre Goyette",2014-09-19,138,4900000.0,3494070.0,Drama,"A peculiar neighbor offers hope to a recent widow who is struggling to raise a teenager who is unpredictable and, sometimes, violent.",8.193,2899,8.0,1.0
68718,Django Unchained,"Life, liberty, and the pursuit of vengeance.",Quentin Tarantino,"Jamie Foxx, Christoph Waltz, Leonardo DiCaprio, Kerry Washington, Samuel L. Jackson",2012-12-25,165,100000000.0,425368238.0,"Drama, Western","With the help of a German bounty hunter, a freed slave sets out to rescue his wife from a brutal Mississippi plantation owner.",8.193,28642,7.9,71.0
284,The Apartment,"Movie-wise, there has never been anything like it - laugh-wise, love-wise, or otherwise-wise!",Billy Wilder,"Jack Lemmon, Shirley MacLaine, Fred MacMurray, Ray Walston, Jack Kruschen",1960-06-21,126,3000000.0,25000000.0,"Comedy, Drama, Romance","Bud Baxter is a minor clerk in a huge New York insurance company, until he discovers a quick way to climb the corporate ladder. He lends out his apartment to the executives as a place to take their mistresses. Although he often has to deal with the aftermath of their visits, one night he's left with a major problem to solve.",8.183,2782,7.9,27.0
290098,The Handmaiden,You're the one being tricked.,Park Chan-wook,"Kim Min-hee, Kim Tae-ri, Ha Jung-woo, Cho Jin-woong, Kim Hae-sook",2016-06-01,145,8575000.0,38600000.0,"Thriller, Drama, Romance","1930s Korea, in the period of Japanese occupation, a new girl, Sook-hee, is hired as a handmaiden to a Japanese heiress, Hideko, who lives a secluded life on a large countryside estate with her domineering Uncle Kouzuki. But the maid has a secret. She is a pickpocket recruited by a swindler posing as a Japanese Count to help him seduce the Lady to steal her fortune.",8.177,4499,5.3,3.0
348,Alien,In space no one can hear you scream.,Ridley Scott,"Tom Skerritt, Sigourney Weaver, Veronica Cartwright, Harry Dean Stanton, John Hurt",1979-05-25,117,11000000.0,104931801.0,"Horror, Science Fiction","During its return to the earth, commercial spaceship Nostromo intercepts a distress signal from a distant planet. When a three-member team of the crew discovers a chamber containing thousands of eggs on the planet, a creature inside one of the eggs attacks an explorer. The entire crew is unaware of the impending nightmare set to descend upon them when the alien parasite planted inside its unfortunate host is birthed.",8.174,16872,7.9,146.0
77,Memento,Some memories are best forgotten.,Christopher Nolan,"Guy Pearce, Carrie-Anne Moss, Joe Pantoliano, Mark Boone Junior, Russ Fega",2000-10-11,113,9000000.0,40060108.0,"Mystery, Thriller","Leonard Shelby is tracking down the man who raped and murdered his wife. The difficulty of locating his wife's killer, however, is compounded by the fact that he suffers from a rare, untreatable form of short-term memory loss. Although he can recall details of life before his accident, Leonard cannot remember what happened fifteen minutes ago, where he's going, or why.",8.173,16792,8.2,159.0
280,Terminator 2: Judgment Day,It's nothing personal.,James Cameron,"Arnold Schwarzenegger, Linda Hamilton, Edward Furlong, Robert Patrick, Earl Boen",1991-07-03,137,102000000.0,517814175.0,"Action, Thriller, Science Fiction","Ten years after the events of the original, a reprogrammed T-800 is sent back in time to protect young John Connor from the shape-shifting T-1000. Together with his mother Sarah, he fights to stop Skynet from triggering a nuclear apocalypse.",8.17,14892,7.9,224.0
185,A Clockwork Orange,"Being the adventures of a young man whose principal interests are rape, ultra-violence and Beethoven.",Stanley Kubrick,"Malcolm McDowell, Patrick Magee, Carl Duering, Michael Bates, Warren Clarke",1971-10-28,137,2200000.0,27033812.0,"Science Fiction, Crime","In a near-future Britain, young Alexander DeLarge and his pals get their kicks beating and raping anyone they please. When not destroying the lives of others, Alex swoons to the music of Beethoven. The state, eager to crack down on juvenile crime, gives an incarcerated Alex the option to undergo an invasive procedure that'll rob him of all personal agency. In a time when conscience is a commodity, can Alex change his tune?",8.2,14145,8.0,120.0
489,Good Will Hunting,"Some people can never believe in themselves, until someone believes in them.",Gus Van Sant,"Matt Damon, Robin Williams, Ben Affleck, Stellan Skarsgård, Minnie Driver",1997-12-05,127,10000000.0,225933435.0,Drama,"Will Hunting is a headstrong, working-class genius who is failing the lessons of life. After one too many run-ins with the law, Will's last chance is a psychology professor, who might be the only man who can reach him.",8.166,14336,8.2,141.0
629,The Usual Suspects,Five criminals. One line up. No coincidence.,Bryan Singer,"Stephen Baldwin, Gabriel Byrne, Benicio del Toro, Kevin Pollak, Kevin Spacey",1995-07-19,106,6000000.0,23300000.0,"Drama, Crime, Thriller","Held in an L.A. interrogation room, Verbal Kint attempts to convince the feds that a mythic crime lord, Keyser Soze, not only exists, but was also responsible for drawing him and his four partners into a multi-million dollar heist that ended with an explosion in San Pedro harbor – leaving few survivors. Verbal lures his interrogators with an incredible story of the crime lord's almost supernatural prowess.",8.163,11769,8.5,204.0
5156,Bicycle Thieves,The Prize Picture They Want to Censor!,Vittorio De Sica,"Lamberto Maggiorani, Enzo Staiola, Lianella Carell, Gino Saltamerenda, Vittorio Antonucci",1948-07-21,89,133000.0,450159.0,Drama,"Unemployed Antonio is elated when he finally finds work hanging posters around war-torn Rome. However on his first day, his bicycle—essential to his work—gets stolen. His job is doomed unless he can find the thief. With the help of his son, Antonio combs the city, becoming desperate for justice.",8.162,2754,8.2,16.0
37165,The Truman Show,On the air. Unaware.,Peter Weir,"Jim Carrey, Laura Linney, Noah Emmerich, Natascha McElhone, Holland Taylor",1998-06-04,103,60000000.0,264118712.0,"Comedy, Drama","In a picture-perfect seaside town, an insurance salesman begins to realize that his entire existence may be staged and observed by a vast unseen audience as part of a long-running real-time reality TV show.",8.159,20895,7.6,125.0
